object_id,title,period,type,material,description,dimensions,museum,location,detail_url,image_url,image_path,credit_line,accession_number,crawl_date
134221,Tea Bowl: Jian ware,960– 1279,Ceramic,purplish brown stoneware with iron slip glaze coating,,Diameter: 12.4 cm (4 7/8 in.); Overall: 7 cm (2 3/4 in.),The Cleveland Museum of Art,"Cleveland, Ohio, United States",https://clevelandart.org/art/1956.704,https://openaccess-cdn.clevelandart.org/1956.704/1956.704_web.jpg,images/cleveland\134221.jpg,The Fanny Tewksbury King Collection,1956.704,2026-04-30
125800,Three-Sectional Altar Group: Koro (lid),1644–1911,Jade,jade,,Overall: 17 cm (6 11/16 in.); with base: 21.5 cm (8 7/16 in.); Lid: 8.6 x 9 cm (3 3/8 x 3 9/16 in.),The Cleveland Museum of Art,"Cleveland, Ohio, United States",https://clevelandart.org/art/1947.683.1.b,https://openaccess-cdn.clevelandart.org/1947.683.1.b/1947.683.1.b_web.jpg,images/cleveland\125800.jpg,Bequest of Cornelia Blakemore Warner,1947.683.1.b,2026-04-30
125615,Snuff Bottle with Stopper,1800s,Glass,glass,,with cover: 9.3 cm (3 11/16 in.),The Cleveland Museum of Art,"Cleveland, Ohio, United States",https://clevelandart.org/art/1947.530.a,https://openaccess-cdn.clevelandart.org/1947.530.a/1947.530.a_web.jpg,images/cleveland\125615.jpg,Bequest of Cornelia Blakemore Warner,1947.530.a,2026-04-30
125692,Opium Pipe,1800s,Miscellaneous,"wood, jade and silver decoration",,Overall: 62.2 cm (24 1/2 in.),The Cleveland Museum of Art,"Cleveland, Ohio, United States",https://clevelandart.org/art/1947.592,https://openaccess-cdn.clevelandart.org/1947.592/1947.592_web.jpg,images/cleveland\125692.jpg,Bequest of Cornelia Blakemore Warner,1947.592,2026-04-30
125697,Opium Pipe,1800s,Miscellaneous,"lacquer, ivory, jade and silver inlay",,Overall: 56.6 cm (22 5/16 in.),The Cleveland Museum of Art,"Cleveland, Ohio, United States",https://clevelandart.org/art/1947.597,https://openaccess-cdn.clevelandart.org/1947.597/1947.597_web.jpg,images/cleveland\125697.jpg,Bequest of Cornelia Blakemore Warner,1947.597,2026-04-30
136414,Pair of Fantastic Animals,1700s–1800s,Jade,jade,,Overall: 12.2 cm (4 13/16 in.),The Cleveland Museum of Art,"Cleveland, Ohio, United States",https://clevelandart.org/art/1960.280,https://openaccess-cdn.clevelandart.org/1960.280/1960.280_web.jpg,images/cleveland\136414.jpg,"Gift of Mrs. John Lyon Collyer in memory of her mother, Mrs. G. M. G. Forman",1960.280,2026-04-30
164764,Down,1961,Photograph,gelatin silver print,,Paper: 49.4 x 39.1 cm (19 7/16 x 15 3/8 in.); Matted: 71.1 x 55.9 cm (28 x 22 in.),The Cleveland Museum of Art,"Cleveland, Ohio, United States",https://clevelandart.org/art/2006.166,,,Dudley P. Allen Fund,2006.166,2026-04-30
125795,Table Screen with Stand (stand),1644–1911,Wood,carved wood,,Overall: 29.8 x 24.4 cm (11 3/4 x 9 5/8 in.); stand: 18.9 x 27.4 x 13 cm (7 7/16 x 10 13/16 x 5 1/8 in.),The Cleveland Museum of Art,"Cleveland, Ohio, United States",https://clevelandart.org/art/1947.679.2.b,https://openaccess-cdn.clevelandart.org/1947.679.2.b/1947.679.2.b_web.jpg,images/cleveland\125795.jpg,Bequest of Cornelia Blakemore Warner,1947.679.2.b,2026-04-30
171061,Olive Press Portfolio II: Barnett Newman: The Paintings (yellow),1992,Print,"color screenprint, 1 of suite of 4: Yellow",,Sheet: 58 x 106.7 cm (22 13/16 x 42 in.); Image: 39.2 x 100.1 cm (15 7/16 x 39 7/16 in.),The Cleveland Museum of Art,"Cleveland, Ohio, United States",https://clevelandart.org/art/2013.471.3.3,,,Gift of Linda and Dr. Jack Lissauer in honor of Dr. Jane Glaubinger's 40th year at the Cleveland Museum of Art,2013.471.3.3,2026-04-30
125806,Three-Sectional Altar Group: Small Bowl with Carved Dragon (upper section of base),Qing Dynasty,Jade,jade,,Overall: 7 x 6.7 cm (2 3/4 x 2 5/8 in.); with base: 10.8 cm (4 1/4 in.); Upper base: 2.5 x 5.5 cm (1 x 2 3/16 in.); Base assembled: 3.8 x 5.5 cm (1 1/2 x 2 3/16 in.),The Cleveland Museum of Art,"Cleveland, Ohio, United States",https://clevelandart.org/art/1947.683.2.d,https://openaccess-cdn.clevelandart.org/1947.683.2.d/1947.683.2.d_web.jpg,images/cleveland\125806.jpg,Bequest of Cornelia Blakemore Warner,1947.683.2.d,2026-04-30
135187,Teapot,c. 1750–1770,Ceramic,porcelain,,Overall: 14 x 10.9 cm (5 1/2 x 4 5/16 in.),The Cleveland Museum of Art,"Cleveland, Ohio, United States",https://clevelandart.org/art/1958.211,https://openaccess-cdn.clevelandart.org/1958.211/1958.211_web.jpg,images/cleveland\135187.jpg,Gift of Mr. and Mrs. Robert Hays Gries,1958.211,2026-04-30
171058,Olive Press Portfolio II: Barnett Newman: The Chronology of Work,1992,Print,color screenprint,,Sheet: 76.4 x 106.2 cm (30 1/16 x 41 13/16 in.); Image: 57.2 x 96.9 cm (22 1/2 x 38 1/8 in.),The Cleveland Museum of Art,"Cleveland, Ohio, United States",https://clevelandart.org/art/2013.471.3,,,Gift of Linda and Dr. Jack Lissauer in honor of Dr. Jane Glaubinger's 40th year at the Cleveland Museum of Art,2013.471.3,2026-04-30
125658,Vase (cover),1736–95,Stone,carved red amber,,Overall: 22.3 cm (8 3/4 in.),The Cleveland Museum of Art,"Cleveland, Ohio, United States",https://clevelandart.org/art/1947.566.b,https://openaccess-cdn.clevelandart.org/1947.566.b/1947.566.b_web.jpg,images/cleveland\125658.jpg,Bequest of Cornelia Blakemore Warner,1947.566.b,2026-04-30
132604,Plate,before 1785,Ceramic,porcelain,,Diameter: 28.5 cm (11 1/4 in.),The Cleveland Museum of Art,"Cleveland, Ohio, United States",https://clevelandart.org/art/1955.131,https://openaccess-cdn.clevelandart.org/1955.131/1955.131_web.jpg,images/cleveland\132604.jpg,The Helena Woolworth McCann Collection,1955.131,2026-04-30
156275,"Fragment from a Garment (smaller fragment, lining)",900s,Textile,silk,,,The Cleveland Museum of Art,"Cleveland, Ohio, United States",https://clevelandart.org/art/1992.112.2.c,https://openaccess-cdn.clevelandart.org/1992.112.2.c/1992.112.2.c_web.jpg,images/cleveland\156275.jpg,John L. Severance Fund,1992.112.2.c,2026-04-30
156804,Globular Vase,1644–1911,Ceramic,glazed porcelain,,Overall: 44.5 x 23 cm (17 1/2 x 9 1/16 in.),The Cleveland Museum of Art,"Cleveland, Ohio, United States",https://clevelandart.org/art/1992.392,https://openaccess-cdn.clevelandart.org/1992.392/1992.392_web.jpg,,Bequest of Maud Eells Corning,1992.392,2026-04-30
143242,Desk Album: Flower and Bird Paintings (Pinks),1700s,Painting,"album leaf, ink and color on paper",,"Image: 14.4 x 20.3 cm (5 11/16 x 8 in.); Album, closed: 15 x 10.8 x 3 cm (5 7/8 x 4 1/4 x 1 3/16 in.)",The Cleveland Museum of Art,"Cleveland, Ohio, United States",https://clevelandart.org/art/1967.193.d,https://openaccess-cdn.clevelandart.org/1967.193.d/1967.193.d_web.jpg,,Anonymous Gift,1967.193.d,2026-04-30
143242,Desk Album: Flower and Bird Paintings (Pinks),1700s,Painting,"album leaf, ink and color on paper",,"Image: 14.4 x 20.3 cm (5 11/16 x 8 in.); Album, closed: 15 x 10.8 x 3 cm (5 7/8 x 4 1/4 x 1 3/16 in.)",The Cleveland Museum of Art,"Cleveland, Ohio, United States",https://clevelandart.org/art/1967.193.d,https://openaccess-cdn.clevelandart.org/1967.193.d/1967.193.d_web.jpg,images/cleveland\143242.jpg,Anonymous Gift,1967.193.d,2026-04-30
148086,Miniature Album with Figures and Landscape (Man Riding Carp),1822,Painting,"album leaf, ink and color on paper",,Overall: 6.1 x 7.7 cm (2 3/8 x 3 1/16 in.),The Cleveland Museum of Art,"Cleveland, Ohio, United States",https://clevelandart.org/art/1975.11.j,https://openaccess-cdn.clevelandart.org/1975.11.j/1975.11.j_web.jpg,images/cleveland\148086.jpg,Cornelia Blakemore Warner Fund,1975.11.j,2026-04-30
162718,Dish with Green Glaze and Carved Floral Designs,1736–95,Ceramic,glazed porcelain,,Diameter: 27.7 cm (10 7/8 in.); Overall: 5.3 cm (2 1/16 in.),The Cleveland Museum of Art,"Cleveland, Ohio, United States",https://clevelandart.org/art/2003.262,https://openaccess-cdn.clevelandart.org/2003.262/2003.262_web.jpg,images/cleveland\162718.jpg,Bequest of Nicholas J. Velloney,2003.262,2026-04-30
135197,Charger,c. 1720,Ceramic,porcelain,,Diameter: 38.3 cm (15 1/16 in.); Overall: 5.5 cm (2 3/16 in.),The Cleveland Museum of Art,"Cleveland, Ohio, United States",https://clevelandart.org/art/1958.215,https://openaccess-cdn.clevelandart.org/1958.215/1958.215_web.jpg,images/cleveland\135197.jpg,Gift of Mr. and Mrs. Robert Hays Gries,1958.215,2026-04-30
94600,Court Ladies in the Imperial Palace,1271–1368,Painting,"hanging scroll, color on silk",,Overall: 211.1 x 101.3 cm (83 1/8 x 39 7/8 in.),The Cleveland Museum of Art,"Cleveland, Ohio, United States",https://clevelandart.org/art/1915.106,https://openaccess-cdn.clevelandart.org/1915.106/1915.106_web.jpg,images/cleveland\94600.jpg,Gift of Charles L. Freer,1915.106,2026-04-30
94602,Landscape with Figures,1644–1911,Painting,"hanging scroll, ink and slight color on paper",,Overall: 152.4 x 73.3 cm (60 x 28 7/8 in.),The Cleveland Museum of Art,"Cleveland, Ohio, United States",https://clevelandart.org/art/1915.108,https://openaccess-cdn.clevelandart.org/1915.108/1915.108_web.jpg,images/cleveland\94602.jpg,Gift of Charles L. Freer,1915.108,2026-04-30
94609,Landscape,1644–1911,Painting,"hanging scroll, ink and slight color on paper",,Overall: 138.7 x 56.2 cm (54 5/8 x 22 1/8 in.),The Cleveland Museum of Art,"Cleveland, Ohio, United States",https://clevelandart.org/art/1915.114,https://openaccess-cdn.clevelandart.org/1915.114/1915.114_web.jpg,images/cleveland\94609.jpg,Gift of Charles L. Freer,1915.114,2026-04-30
96799,Nose Ring,20th Century,Jewelry,silver,,Overall: 9.9 cm (3 7/8 in.),The Cleveland Museum of Art,"Cleveland, Ohio, United States",https://clevelandart.org/art/1916.513,https://openaccess-cdn.clevelandart.org/1916.513/1916.513_web.jpg,images/cleveland\96799.jpg,Gift of Mr. and Mrs. J. H. Wade,1916.513,2026-04-30
96983,Seated Figures,1800–1916,Silver,silver,,Overall: 3.6 cm (1 7/16 in.),The Cleveland Museum of Art,"Cleveland, Ohio, United States",https://clevelandart.org/art/1916.631,https://openaccess-cdn.clevelandart.org/1916.631/1916.631_web.jpg,images/cleveland\96983.jpg,Gift of Mr. and Mrs. J. H. Wade,1916.631,2026-04-30
96995,Box,19th Century,Metalwork,metal,,Diameter: 5.8 cm (2 5/16 in.),The Cleveland Museum of Art,"Cleveland, Ohio, United States",https://clevelandart.org/art/1916.640,https://openaccess-cdn.clevelandart.org/1916.640/1916.640_web.jpg,images/cleveland\96995.jpg,Gift of Mr. and Mrs. J. H. Wade,1916.640,2026-04-30
97861,Libation Cup,960–1279,Jade,jade,,Diameter: 12.8 cm (5 1/16 in.); Overall: 4.6 cm (1 13/16 in.),The Cleveland Museum of Art,"Cleveland, Ohio, United States",https://clevelandart.org/art/1917.47,https://openaccess-cdn.clevelandart.org/1917.47/1917.47_web.jpg,images/cleveland\97861.jpg,Worcester R. Warner Collection,1917.47,2026-04-30
101159,Fragment,1800s,Textile,silk,,Overall: 26.7 x 9 cm (10 1/2 x 3 9/16 in.),The Cleveland Museum of Art,"Cleveland, Ohio, United States",https://clevelandart.org/art/1920.1503,https://openaccess-cdn.clevelandart.org/1920.1503/1920.1503_web.jpg,images/cleveland\101159.jpg,General Income Fund,1920.1503,2026-04-30
101187,Fragment,1700s,Textile,twill ground; silk diasper weave,,Overall: 37.5 x 52.1 cm (14 3/4 x 20 1/2 in.),The Cleveland Museum of Art,"Cleveland, Ohio, United States",https://clevelandart.org/art/1920.1548,https://openaccess-cdn.clevelandart.org/1920.1548/1920.1548_web.jpg,images/cleveland\101187.jpg,General Income Fund,1920.1548,2026-04-30
101191,Fragment,1800s,Textile,silk,,Overall: 47 x 21.6 cm (18 1/2 x 8 1/2 in.),The Cleveland Museum of Art,"Cleveland, Ohio, United States",https://clevelandart.org/art/1920.1552,https://openaccess-cdn.clevelandart.org/1920.1552/1920.1552_web.jpg,images/cleveland\101191.jpg,General Income Fund,1920.1552,2026-04-30
101208,Fragment,1800s,Textile,silk,,Overall: 57.8 x 28.6 cm (22 3/4 x 11 1/4 in.),The Cleveland Museum of Art,"Cleveland, Ohio, United States",https://clevelandart.org/art/1920.1568,https://openaccess-cdn.clevelandart.org/1920.1568/1920.1568_web.jpg,images/cleveland\101208.jpg,General Income Fund,1920.1568,2026-04-30
101230,Fragment,1700s,Textile,silk,,Overall: 19.7 x 15.9 cm (7 3/4 x 6 1/4 in.),The Cleveland Museum of Art,"Cleveland, Ohio, United States",https://clevelandart.org/art/1920.1607,https://openaccess-cdn.clevelandart.org/1920.1607/1920.1607_web.jpg,images/cleveland\101230.jpg,General Income Fund,1920.1607,2026-04-30
101252,Border,1800s,Textile,silk,,Overall: 71.1 x 19 cm (28 x 7 1/2 in.),The Cleveland Museum of Art,"Cleveland, Ohio, United States",https://clevelandart.org/art/1920.1633,https://openaccess-cdn.clevelandart.org/1920.1633/1920.1633_web.jpg,,General Income Fund,1920.1633,2026-04-30
101306,Fragment,1800s,Textile,silk,,Overall: 14.6 x 12.7 cm (5 3/4 x 5 in.),The Cleveland Museum of Art,"Cleveland, Ohio, United States",https://clevelandart.org/art/1920.1857,https://openaccess-cdn.clevelandart.org/1920.1857/1920.1857_web.jpg,,General Income Fund,1920.1857,2026-04-30
101716,Gourd-Shaped Bottle,1644–1911,Glass,glass,,Overall: 17.8 cm (7 in.),The Cleveland Museum of Art,"Cleveland, Ohio, United States",https://clevelandart.org/art/1920.427,https://openaccess-cdn.clevelandart.org/1920.427/1920.427_web.jpg,images/cleveland\101716.jpg,Gift of J. H. Wade,1920.427,2026-04-30
101739,Snuff Bottle (stopper),1644–1911,Glass,glass,,Overall: 7 cm (2 3/4 in.),The Cleveland Museum of Art,"Cleveland, Ohio, United States",https://clevelandart.org/art/1920.435.b,https://openaccess-cdn.clevelandart.org/1920.435.b/1920.435.b_web.jpg,images/cleveland\101739.jpg,Gift of J. H. Wade,1920.435.b,2026-04-30
101743,Snuff Bottle,1644–1911,Glass,glass,,Overall: 8 cm (3 1/8 in.),The Cleveland Museum of Art,"Cleveland, Ohio, United States",https://clevelandart.org/art/1920.437,https://openaccess-cdn.clevelandart.org/1920.437/1920.437_web.jpg,images/cleveland\101743.jpg,Gift of J. H. Wade,1920.437,2026-04-30
101765,Snuff Bottle,1644–1911,Glass,glass,,Overall: 5.8 cm (2 5/16 in.),The Cleveland Museum of Art,"Cleveland, Ohio, United States",https://clevelandart.org/art/1920.444,https://openaccess-cdn.clevelandart.org/1920.444/1920.444_web.jpg,images/cleveland\101765.jpg,Gift of J. H. Wade,1920.444,2026-04-30
101767,Snuff Bottle (stopper),1644–1911,Glass,glass,,Overall: 5.8 cm (2 5/16 in.),The Cleveland Museum of Art,"Cleveland, Ohio, United States",https://clevelandart.org/art/1920.444.b,https://openaccess-cdn.clevelandart.org/1920.444.b/1920.444.b_web.jpg,images/cleveland\101767.jpg,Gift of J. H. Wade,1920.444.b,2026-04-30
101785,Snuff Bottle,1644–1911,Glass,glass,,Overall: 6.8 cm (2 11/16 in.),The Cleveland Museum of Art,"Cleveland, Ohio, United States",https://clevelandart.org/art/1920.450.a,https://openaccess-cdn.clevelandart.org/1920.450.a/1920.450.a_web.jpg,images/cleveland\101785.jpg,Gift of J. H. Wade,1920.450.a,2026-04-30
101809,Snuff Bottle,1644–1911,Glass,glass,,Overall: 6.4 cm (2 1/2 in.),The Cleveland Museum of Art,"Cleveland, Ohio, United States",https://clevelandart.org/art/1920.460,https://openaccess-cdn.clevelandart.org/1920.460/1920.460_web.jpg,images/cleveland\101809.jpg,Gift of J. H. Wade,1920.460,2026-04-30
106970,Wooden Moveable Type,probably 1800s,Wood,wood,,Overall: 2 x 1.4 x 1.6 cm (13/16 x 9/16 x 5/8 in.),The Cleveland Museum of Art,"Cleveland, Ohio, United States",https://clevelandart.org/art/1924.973,https://openaccess-cdn.clevelandart.org/1924.973/1924.973_web.jpg,,Gift of M. Paul Pelliot,1924.973,2026-04-30
106973,Wooden Moveable Type,probably 1800s,Wood,wood,,Overall: 2.3 x 0.8 x 1.4 cm (7/8 x 5/16 x 9/16 in.),The Cleveland Museum of Art,"Cleveland, Ohio, United States",https://clevelandart.org/art/1924.976,https://openaccess-cdn.clevelandart.org/1924.976/1924.976_web.jpg,,Gift of M. Paul Pelliot,1924.976,2026-04-30
111782,Vase,1573–1620,Ceramic,porcelain with underglaze blue decoration,,Overall: 21.4 cm (8 7/16 in.),The Cleveland Museum of Art,"Cleveland, Ohio, United States",https://clevelandart.org/art/1930.307,https://openaccess-cdn.clevelandart.org/1930.307/1930.307_web.jpg,images/cleveland\111782.jpg,Dudley P. Allen Fund,1930.307,2026-04-30
120155,Beaker,19th Century,Ceramic,porcelain,,Overall: 11.5 cm (4 1/2 in.),The Cleveland Museum of Art,"Cleveland, Ohio, United States",https://clevelandart.org/art/1940.933,https://openaccess-cdn.clevelandart.org/1940.933/1940.933_web.jpg,images/cleveland\120155.jpg,Bequest of James Parmelee,1940.933,2026-04-30
120167,Vase,19th Century,Ceramic,porcelain,,Overall: 14 cm (5 1/2 in.),The Cleveland Museum of Art,"Cleveland, Ohio, United States",https://clevelandart.org/art/1940.944,https://openaccess-cdn.clevelandart.org/1940.944/1940.944_web.jpg,images/cleveland\120167.jpg,Bequest of James Parmelee,1940.944,2026-04-30
120168,Vase,19th Century,Ceramic,porcelain,,Overall: 14 cm (5 1/2 in.),The Cleveland Museum of Art,"Cleveland, Ohio, United States",https://clevelandart.org/art/1940.945,https://openaccess-cdn.clevelandart.org/1940.945/1940.945_web.jpg,images/cleveland\120168.jpg,Bequest of James Parmelee,1940.945,2026-04-30
120201,Jar,1736–95,Ceramic,porcelain,,Overall: 13.1 cm (5 3/16 in.),The Cleveland Museum of Art,"Cleveland, Ohio, United States",https://clevelandart.org/art/1940.967,https://openaccess-cdn.clevelandart.org/1940.967/1940.967_web.jpg,,Bequest of James Parmelee,1940.967,2026-04-30
120457,Branch with Pomegranate,18th Century,Print,color woodblock print,,Overall: 28.1 x 24.4 cm (11 1/16 x 9 5/8 in.),The Cleveland Museum of Art,"Cleveland, Ohio, United States",https://clevelandart.org/art/1941.280,https://openaccess-cdn.clevelandart.org/1941.280/1941.280_web.jpg,images/cleveland\120457.jpg,Edward L. Whittemore Fund,1941.280,2026-04-30
121552,Shard of Tea Bowl: Jian ware,960–1279,Ceramic,stoneware,,Overall: 6.5 cm (2 9/16 in.),The Cleveland Museum of Art,"Cleveland, Ohio, United States",https://clevelandart.org/art/1942.139,https://openaccess-cdn.clevelandart.org/1942.139/1942.139_web.jpg,images/cleveland\121552.jpg,John L. Severance Collection,1942.139,2026-04-30
121918,Ink Cake,19th Century,Miscellaneous,ink cake,,Diameter: 3.7 cm (1 7/16 in.),The Cleveland Museum of Art,"Cleveland, Ohio, United States",https://clevelandart.org/art/1942.227,https://openaccess-cdn.clevelandart.org/1942.227/1942.227_web.jpg,images/cleveland\121918.jpg,Gift of Henry W. Kent,1942.227,2026-04-30
121939,Ink Cake,late 19th Century,Miscellaneous,ink cake,,Overall: 2 cm (13/16 in.),The Cleveland Museum of Art,"Cleveland, Ohio, United States",https://clevelandart.org/art/1942.240,https://openaccess-cdn.clevelandart.org/1942.240/1942.240_web.jpg,images/cleveland\121939.jpg,Gift of Henry W. Kent,1942.240,2026-04-30
125688,Opium Pipe,1800s,Miscellaneous,wood with ivory and silver decoration,,Overall: 55 cm (21 5/8 in.),The Cleveland Museum of Art,"Cleveland, Ohio, United States",https://clevelandart.org/art/1947.588,https://openaccess-cdn.clevelandart.org/1947.588/1947.588_web.jpg,images/cleveland\125688.jpg,Bequest of Cornelia Blakemore Warner,1947.588,2026-04-30
301657,Three-Sectional Altar Group: Cylindrical Carving with Phoenix (lid),1644–1911,Jade,jade,,,The Cleveland Museum of Art,"Cleveland, Ohio, United States",https://clevelandart.org/art/1947.683.3,https://openaccess-cdn.clevelandart.org/1947.683.3/1947.683.3_web.jpg,images/cleveland\301657.jpg,Bequest of Cornelia Blakemore Warner,1947.683.3,2026-04-30
140195,Vase,1622–1722,Ceramic,porcelain with underglaze decoration,,Overall: 42 x 23.8 cm (16 9/16 x 9 3/8 in.); vessel only: 34.5 cm (13 9/16 in.),The Cleveland Museum of Art,"Cleveland, Ohio, United States",https://clevelandart.org/art/1964.190.a,https://openaccess-cdn.clevelandart.org/1964.190.a/1964.190.a_web.jpg,images/cleveland\140195.jpg,Severance and Greta Millikin Collection,1964.190.a,2026-04-30
140232,Dancing Figure,c. 1850–c. 1950,Sculpture,painted plaster of Paris,,,The Cleveland Museum of Art,"Cleveland, Ohio, United States",https://clevelandart.org/art/1964.216,https://openaccess-cdn.clevelandart.org/1964.216/1964.216_web.jpg,images/cleveland\140232.jpg,Severance and Greta Millikin Collection,1964.216,2026-04-30
133293,Spear with Three Points,1045–256 BCE,Arms and Armor,bronze,,Overall: 2.3 cm (7/8 in.),The Cleveland Museum of Art,"Cleveland, Ohio, United States",https://clevelandart.org/art/1955.666,https://openaccess-cdn.clevelandart.org/1955.666/1955.666_web.jpg,images/cleveland\133293.jpg,Gift of E. Stevenson Burke,1955.666,2026-04-30
173574,Winter Scene,960–1279,Painting,"album leaf, ink on silk",,Diameter: 24 cm (9 7/16 in.),The Cleveland Museum of Art,"Cleveland, Ohio, United States",https://clevelandart.org/art/1915.699,https://openaccess-cdn.clevelandart.org/1915.699/1915.699_web.jpg,images/cleveland\173574.jpg,Gift of the John Huntington Art and Polytechnic Trust,1915.699,2026-04-30
125617,Snuff Bottle with Stopper,1800s-early 1900s,Stone,crystal with jade,,with cover: 7.7 cm (3 1/16 in.),The Cleveland Museum of Art,"Cleveland, Ohio, United States",https://clevelandart.org/art/1947.531,https://openaccess-cdn.clevelandart.org/1947.531/1947.531_web.jpg,images/cleveland\125617.jpg,Bequest of Cornelia Blakemore Warner,1947.531,2026-04-30
125694,Opium Pipe,1800s,Miscellaneous,ivory with silver repoussé decoration,,Overall: 52.8 cm (20 13/16 in.),The Cleveland Museum of Art,"Cleveland, Ohio, United States",https://clevelandart.org/art/1947.594,https://openaccess-cdn.clevelandart.org/1947.594/1947.594_web.jpg,images/cleveland\125694.jpg,Bequest of Cornelia Blakemore Warner,1947.594,2026-04-30
130108,Bovine Mask with Capped Horns,1400–1000 BCE,Jade,jade,,Overall: 1.9 cm (3/4 in.),The Cleveland Museum of Art,"Cleveland, Ohio, United States",https://clevelandart.org/art/1952.491,https://openaccess-cdn.clevelandart.org/1952.491/1952.491_web.jpg,images/cleveland\130108.jpg,Anonymous Gift,1952.491,2026-04-30
144684,Stem Cup with Buddhist Emblems (case),1300s,Miscellaneous,wicker and wood with metal fittings,,Overall: 16.6 x 17.8 cm (6 9/16 x 7 in.),The Cleveland Museum of Art,"Cleveland, Ohio, United States",https://clevelandart.org/art/1969.303.b,https://openaccess-cdn.clevelandart.org/1969.303.b/1969.303.b_web.jpg,images/cleveland\144684.jpg,Gift of Mr. and Mrs. John J. Klejman,1969.303.b,2026-04-30
171059,Olive Press Portfolio II: Barnett Newman: The Paintings (blue),1992,Print,"color screenprint, 1 of suite of 4: Blue",,Sheet: 57.8 x 106.5 cm (22 3/4 x 41 15/16 in.); Image: 39.2 x 100.1 cm (15 7/16 x 39 7/16 in.),The Cleveland Museum of Art,"Cleveland, Ohio, United States",https://clevelandart.org/art/2013.471.3.1,,,Gift of Linda and Dr. Jack Lissauer in honor of Dr. Jane Glaubinger's 40th year at the Cleveland Museum of Art,2013.471.3.1,2026-04-30
143244,Desk Album: Flower and Bird Paintings (Rose),1700s,Painting,"album leaf, ink and color on paper",,"Image: 14.4 x 20.3 cm (5 11/16 x 8 in.); Album, closed: 15 x 10.8 x 3 cm (5 7/8 x 4 1/4 x 1 3/16 in.)",The Cleveland Museum of Art,"Cleveland, Ohio, United States",https://clevelandart.org/art/1967.193.f,https://openaccess-cdn.clevelandart.org/1967.193.f/1967.193.f_web.jpg,images/cleveland\143244.jpg,Anonymous Gift,1967.193.f,2026-04-30
159185,Square Mirror with Floral and Coin Motifs,early 900s-early 1100s,Metalwork,bronze,,Overall: 0.5 x 10.5 cm (3/16 x 4 1/8 in.); Rim: 0.3 cm (1/8 in.),The Cleveland Museum of Art,"Cleveland, Ohio, United States",https://clevelandart.org/art/1995.371,https://openaccess-cdn.clevelandart.org/1995.371/1995.371_web.jpg,images/cleveland\159185.jpg,Gift of Drs. Thomas and Martha Carter in Honor of Sherman E. Lee,1995.371,2026-04-30
680373,Painting Three from Illustrated Book of Flowers and Butterflies,1800s,Painting,painting on pith paper,,Each page: 25.2 x 36.4 cm (9 15/16 x 14 5/16 in.); Each painting: 20.1 x 32 cm (7 15/16 x 12 5/8 in.),The Cleveland Museum of Art,"Cleveland, Ohio, United States",https://clevelandart.org/art/1921.915.c,https://openaccess-cdn.clevelandart.org/1921.915.c/1921.915.c_web.jpg,images/cleveland\680373.jpg,Gift of Mr. and Mrs. Henry F. Lyman,1921.915.c,2026-04-30
143239,"Desk Album: Flower and Bird Paintings (Bats, rocks, flowers oval calligraphy)",1700s,Painting,"album leaf, ink and color on paper",,"Image: 14.4 x 20.3 cm (5 11/16 x 8 in.); Album, closed: 15 x 10.8 x 3 cm (5 7/8 x 4 1/4 x 1 3/16 in.)",The Cleveland Museum of Art,"Cleveland, Ohio, United States",https://clevelandart.org/art/1967.193.a,https://openaccess-cdn.clevelandart.org/1967.193.a/1967.193.a_web.jpg,images/cleveland\143239.jpg,Anonymous Gift,1967.193.a,2026-04-30
125602,Snuff Bottle with Stopper,1736–95,Stone,crystal,,with cover: 8.4 cm (3 5/16 in.),The Cleveland Museum of Art,"Cleveland, Ohio, United States",https://clevelandart.org/art/1947.526.a,https://openaccess-cdn.clevelandart.org/1947.526.a/1947.526.a_web.jpg,images/cleveland\125602.jpg,Bequest of Cornelia Blakemore Warner,1947.526.a,2026-04-30
162713,Bowl with Yellow Glaze,1723–35,Ceramic,glazed porcelain,,Diameter: 14.8 cm (5 13/16 in.); Overall: 6.7 cm (2 5/8 in.),The Cleveland Museum of Art,"Cleveland, Ohio, United States",https://clevelandart.org/art/2003.259.1,https://openaccess-cdn.clevelandart.org/2003.259.1/2003.259.1_web.jpg,images/cleveland\162713.jpg,Bequest of Nicholas J. Velloney,2003.259.1,2026-04-30
135195,Tea Caddy (lid),c. 1750–1770,Ceramic,porcelain,,Diameter: 4.7 cm (1 7/8 in.); Overall: 11.5 x 6.6 cm (4 1/2 x 2 5/8 in.),The Cleveland Museum of Art,"Cleveland, Ohio, United States",https://clevelandart.org/art/1958.213.b,https://openaccess-cdn.clevelandart.org/1958.213.b/1958.213.b_web.jpg,images/cleveland\135195.jpg,Gift of Mr. and Mrs. Robert Hays Gries,1958.213.b,2026-04-30
148082,Miniature Album with Figures and Landscape (Three Men),1822,Painting,"album leaf, ink and color on paper",,Overall: 6.1 x 7.7 cm (2 3/8 x 3 1/16 in.),The Cleveland Museum of Art,"Cleveland, Ohio, United States",https://clevelandart.org/art/1975.11.f,https://openaccess-cdn.clevelandart.org/1975.11.f/1975.11.f_web.jpg,images/cleveland\148082.jpg,Cornelia Blakemore Warner Fund,1975.11.f,2026-04-30
132588,Soup Plate,1760–1770,Ceramic,porcelain,,Diameter: 22.9 cm (9 in.),The Cleveland Museum of Art,"Cleveland, Ohio, United States",https://clevelandart.org/art/1955.118,https://openaccess-cdn.clevelandart.org/1955.118/1955.118_web.jpg,images/cleveland\132588.jpg,The Helena Woolworth McCann Collection,1955.118,2026-04-30
140194,Vase,1622–1722,Ceramic,porcelain with underglaze decoration,,Overall: 42 x 23.8 cm (16 9/16 x 9 3/8 in.); vessel only: 34.5 cm (13 9/16 in.),The Cleveland Museum of Art,"Cleveland, Ohio, United States",https://clevelandart.org/art/1964.190,https://openaccess-cdn.clevelandart.org/1964.190/1964.190_web.jpg,images/cleveland\140194.jpg,Severance and Greta Millikin Collection,1964.190,2026-04-30
159158,"Hexafoil Mirror with Floral Interlaces, a Phoenix, and Running Animals",early 600s-early 900s,Metalwork,bronze,,Diameter: 20 cm (7 7/8 in.); Overall: 1 cm (3/8 in.); Rim: 0.8 cm (5/16 in.),The Cleveland Museum of Art,"Cleveland, Ohio, United States",https://clevelandart.org/art/1995.347,https://openaccess-cdn.clevelandart.org/1995.347/1995.347_web.jpg,images/cleveland\159158.jpg,Gift of Drs. Thomas and Martha Carter in Honor of Sherman E. Lee,1995.347,2026-04-30
132825,Teapot: Yixing ware (lid),1644–1911,Ceramic,stoneware,,Diameter: 12.8 cm (5 1/16 in.); Overall: 8.6 cm (3 3/8 in.),The Cleveland Museum of Art,"Cleveland, Ohio, United States",https://clevelandart.org/art/1955.299.b,https://openaccess-cdn.clevelandart.org/1955.299.b/1955.299.b_web.jpg,images/cleveland\132825.jpg,Gift of Mr. and Mrs. Frank E. Brown,1955.299.b,2026-04-30
134211,Bowl: Jun ware,13th - 14th century,Ceramic,glazed buff stoneware,,Diameter: 14.6 cm (5 3/4 in.); Overall: 8.5 cm (3 3/8 in.),The Cleveland Museum of Art,"Cleveland, Ohio, United States",https://clevelandart.org/art/1956.696,https://openaccess-cdn.clevelandart.org/1956.696/1956.696_web.jpg,images/cleveland\134211.jpg,The Fanny Tewksbury King Collection,1956.696,2026-04-30
135190,Teapot,c. 1775–1800,Ceramic,porcelain,,Overall: 12.7 x 13.7 cm (5 x 5 3/8 in.),The Cleveland Museum of Art,"Cleveland, Ohio, United States",https://clevelandart.org/art/1958.212,https://openaccess-cdn.clevelandart.org/1958.212/1958.212_web.jpg,,Gift of Mr. and Mrs. Robert Hays Gries,1958.212,2026-04-30
136676,Zun: Ceremonial Vessel,c. 1023–900 BCE,Metalwork,bronze,,Overall: 16 cm (6 5/16 in.),The Cleveland Museum of Art,"Cleveland, Ohio, United States",https://clevelandart.org/art/1961.215,https://openaccess-cdn.clevelandart.org/1961.215/1961.215_web.jpg,,Worcester R. Warner Collection,1961.215,2026-04-30
94601,The Seven Worthies of the Bamboo Grove,1644–1911,Painting,"hanging scroll, ink and slight color on silk",,Overall: 169.2 x 95.9 cm (66 5/8 x 37 3/4 in.),The Cleveland Museum of Art,"Cleveland, Ohio, United States",https://clevelandart.org/art/1915.107,https://openaccess-cdn.clevelandart.org/1915.107/1915.107_web.jpg,images/cleveland\94601.jpg,Gift of Charles L. Freer,1915.107,2026-04-30
94606,Han Yige,c. 1368–1644,Painting,hanging scroll; color on silk,,Painting: 142.9 x 82.1 cm (56 1/4 x 32 5/16 in.); Overall with knobs: 194 x 95.5 cm (76 3/8 x 37 5/8 in.),The Cleveland Museum of Art,"Cleveland, Ohio, United States",https://clevelandart.org/art/1915.111,https://openaccess-cdn.clevelandart.org/1915.111/1915.111_web.jpg,images/cleveland\94606.jpg,Gift of Charles L. Freer,1915.111,2026-04-30
97610,Saucer: Qingbai ware,1200s-1300s,Ceramic,porcelain,,Diameter: 14 cm (5 1/2 in.),The Cleveland Museum of Art,"Cleveland, Ohio, United States",https://clevelandart.org/art/1917.257,https://openaccess-cdn.clevelandart.org/1917.257/1917.257_web.jpg,images/cleveland\97610.jpg,John L. Severance Collection,1917.257,2026-04-30
97614,Saucer: Ding ware,1100s-1200s,Ceramic,porcelain,,Diameter: 14.6 cm (5 3/4 in.),The Cleveland Museum of Art,"Cleveland, Ohio, United States",https://clevelandart.org/art/1917.260,https://openaccess-cdn.clevelandart.org/1917.260/1917.260_web.jpg,images/cleveland\97614.jpg,John L. Severance Collection,1917.260,2026-04-30
97661,Stem Dish,600s-700s,Ceramic,glazed cream-white stoneware,,Diameter: 13.2 cm (5 3/16 in.); Overall: 9.5 cm (3 3/4 in.),The Cleveland Museum of Art,"Cleveland, Ohio, United States",https://clevelandart.org/art/1917.303,https://openaccess-cdn.clevelandart.org/1917.303/1917.303_web.jpg,images/cleveland\97661.jpg,John L. Severance Collection,1917.303,2026-04-30
114584,Cushion Cover (one of a set of four),1700s,Textile,"silk, metallic thread",,Overall: 48.9 x 51.4 cm (19 1/4 x 20 1/4 in.),The Cleveland Museum of Art,"Cleveland, Ohio, United States",https://clevelandart.org/art/1934.202.4.a-.d,https://openaccess-cdn.clevelandart.org/1934.202.4.a-.d/1934.202.4.a-.d_web.jpg,images/cleveland\114584.jpg,Gift of Mrs. Chester C. Bolton,1934.202.4.a-.d,2026-04-30
114586,Cushion Cover,1700s,Textile,"silk, metallic thread",,Overall: 5.4 x 43.2 cm (2 1/8 x 17 in.),The Cleveland Museum of Art,"Cleveland, Ohio, United States",https://clevelandart.org/art/1934.202.4.c,https://openaccess-cdn.clevelandart.org/1934.202.4.c/1934.202.4.c_web.jpg,images/cleveland\114586.jpg,Gift of Mrs. Chester C. Bolton,1934.202.4.c,2026-04-30
110150,Blouse,late 1800s,Garment,"embroidery, silk",,Overall: 52.6 x 50.8 cm (20 11/16 x 20 in.),The Cleveland Museum of Art,"Cleveland, Ohio, United States",https://clevelandart.org/art/1928.776,https://openaccess-cdn.clevelandart.org/1928.776/1928.776_web.jpg,images/cleveland\110150.jpg,Gift of Mrs. Andrew Squire,1928.776,2026-04-30
111802,Wine Pot: Southern Celadon Ware,1200s-1300s,Ceramic,glazed porcelain,,Diameter: 8 cm (3 1/8 in.); Overall: 6.4 cm (2 1/2 in.),The Cleveland Museum of Art,"Cleveland, Ohio, United States",https://clevelandart.org/art/1930.325.a,https://openaccess-cdn.clevelandart.org/1930.325.a/1930.325.a_web.jpg,images/cleveland\111802.jpg,Charles W. Harkness Endowment Fund,1930.325.a,2026-04-30
119530,Title Robe,c. 1890,Garment,"embroidery, silk",,Overall: 134.6 x 114.3 cm (53 x 45 in.),The Cleveland Museum of Art,"Cleveland, Ohio, United States",https://clevelandart.org/art/1940.4,https://openaccess-cdn.clevelandart.org/1940.4/1940.4_web.jpg,images/cleveland\119530.jpg,Gift of Mrs. J. Cox Morrill,1940.4,2026-04-30
120461,Flowering Magnolia and Peach Blossoms,1368–1644,Print,color woodblock print,,Overall: 28.8 x 25 cm (11 5/16 x 9 13/16 in.),The Cleveland Museum of Art,"Cleveland, Ohio, United States",https://clevelandart.org/art/1941.284,https://openaccess-cdn.clevelandart.org/1941.284/1941.284_web.jpg,images/cleveland\120461.jpg,Edward L. Whittemore Fund,1941.284,2026-04-30
120462,Flowering Branch with Bees,18th Century,Print,color woodblock print,,Overall: 26.8 x 31.2 cm (10 9/16 x 12 5/16 in.),The Cleveland Museum of Art,"Cleveland, Ohio, United States",https://clevelandart.org/art/1941.285,https://openaccess-cdn.clevelandart.org/1941.285/1941.285_web.jpg,images/cleveland\120462.jpg,Edward L. Whittemore Fund,1941.285,2026-04-30
123492,Sleeve Bands,1880–1940,Garment,"embroidery, silk",,Average: 82.3 x 9.5 cm (32 3/8 x 3 3/4 in.),The Cleveland Museum of Art,"Cleveland, Ohio, United States",https://clevelandart.org/art/1943.92,https://openaccess-cdn.clevelandart.org/1943.92/1943.92_web.jpg,images/cleveland\123492.jpg,Gift of Mrs. Fred R. White,1943.92,2026-04-30
134773,Plate: Martin Luther,1756,Ceramic,porcelain,,Diameter: 23.1 cm (9 1/8 in.),The Cleveland Museum of Art,"Cleveland, Ohio, United States",https://clevelandart.org/art/1957.346,https://openaccess-cdn.clevelandart.org/1957.346/1957.346_web.jpg,images/cleveland\134773.jpg,Gift of Mr. and Mrs. Robert Hays Gries,1957.346,2026-04-30
136416,Fantastic Animal,1700s–1800s,Jade,jade,,Overall: 12.2 cm (4 13/16 in.),The Cleveland Museum of Art,"Cleveland, Ohio, United States",https://clevelandart.org/art/1960.280.2,https://openaccess-cdn.clevelandart.org/1960.280.2/1960.280.2_web.jpg,images/cleveland\136416.jpg,"Gift of Mrs. John Lyon Collyer in memory of her mother, Mrs. G. M. G. Forman",1960.280.2,2026-04-30
140266,Kettle with Handle (lid),1700s-1800s,Metalwork,bronze,,,The Cleveland Museum of Art,"Cleveland, Ohio, United States",https://clevelandart.org/art/1964.241.b,https://openaccess-cdn.clevelandart.org/1964.241.b/1964.241.b_web.jpg,images/cleveland\140266.jpg,Severance and Greta Millikin Collection,1964.241.b,2026-04-30
125703,Opium Pipe,1800s,Miscellaneous,wood and ivory,,Overall: 59.4 cm (23 3/8 in.),The Cleveland Museum of Art,"Cleveland, Ohio, United States",https://clevelandart.org/art/1947.600,https://openaccess-cdn.clevelandart.org/1947.600/1947.600_web.jpg,images/cleveland\125703.jpg,Bequest of Cornelia Blakemore Warner,1947.600,2026-04-30
134212,Bowl: Northern Celadon Ware,12th Century,Ceramic,glazed stoneware,,Diameter: 20.3 cm (8 in.); Overall: 8.3 cm (3 1/4 in.),The Cleveland Museum of Art,"Cleveland, Ohio, United States",https://clevelandart.org/art/1956.697,https://openaccess-cdn.clevelandart.org/1956.697/1956.697_web.jpg,images/cleveland\134212.jpg,The Fanny Tewksbury King Collection,1956.697,2026-04-30
173634,Dog Watching,960–1279,Painting,"Album leaf, ink and color on silk",,Diameter: 22.6 cm (8 7/8 in.),The Cleveland Museum of Art,"Cleveland, Ohio, United States",https://clevelandart.org/art/1915.700,https://openaccess-cdn.clevelandart.org/1915.700/1915.700_web.jpg,images/cleveland\173634.jpg,Gift of the John Huntington Art and Polytechnic Trust,1915.700,2026-04-30
135191,Teapot,c. 1775–1800,Ceramic,porcelain,,Overall: 12.7 x 13.7 cm (5 x 5 3/8 in.),The Cleveland Museum of Art,"Cleveland, Ohio, United States",https://clevelandart.org/art/1958.212.a,https://openaccess-cdn.clevelandart.org/1958.212.a/1958.212.a_web.jpg,images/cleveland\135191.jpg,Gift of Mr. and Mrs. Robert Hays Gries,1958.212.a,2026-04-30
148081,Miniature Album with Figures and Landscape (Waterfall Landscape),1822,Painting,"album leaf, ink and color on paper",,Overall: 6.1 x 7.7 cm (2 3/8 x 3 1/16 in.),The Cleveland Museum of Art,"Cleveland, Ohio, United States",https://clevelandart.org/art/1975.11.e,https://openaccess-cdn.clevelandart.org/1975.11.e/1975.11.e_web.jpg,images/cleveland\148081.jpg,Cornelia Blakemore Warner Fund,1975.11.e,2026-04-30
162714,Bowl with Yellow Glaze,1723–1735,Ceramic,glazed porcelain,,Diameter: 14.8 cm (5 13/16 in.); Overall: 6.7 cm (2 5/8 in.),The Cleveland Museum of Art,"Cleveland, Ohio, United States",https://clevelandart.org/art/2003.259.2,https://openaccess-cdn.clevelandart.org/2003.259.2/2003.259.2_web.jpg,images/cleveland\162714.jpg,Bequest of Nicholas J. Velloney,2003.259.2,2026-04-30
130211,Ge (Dagger Axe),c. 2500–1500 BCE,Jade,nephrite,,Overall: 5.7 x 1 cm (2 1/4 x 3/8 in.),The Cleveland Museum of Art,"Cleveland, Ohio, United States",https://clevelandart.org/art/1952.580,https://openaccess-cdn.clevelandart.org/1952.580/1952.580_web.jpg,images/cleveland\130211.jpg,Anonymous Gift,1952.580,2026-04-30
157602,Yixing Teapot,1800s,Ceramic,stoneware,,Diameter: 18 cm (7 1/16 in.); Overall: 10 cm (3 15/16 in.),The Cleveland Museum of Art,"Cleveland, Ohio, United States",https://clevelandart.org/art/1995.12.a,https://openaccess-cdn.clevelandart.org/1995.12.a/1995.12.a_web.jpg,images/cleveland\157602.jpg,Gift in memory of Saul and Dorothy Goldstein,1995.12.a,2026-04-30
680375,Painting Five from Illustrated Book of Flowers and Butterflies,1800s,Painting,painting on pith paper,,Each page: 25.2 x 36.4 cm (9 15/16 x 14 5/16 in.); Each painting: 20.1 x 32 cm (7 15/16 x 12 5/8 in.),The Cleveland Museum of Art,"Cleveland, Ohio, United States",https://clevelandart.org/art/1921.915.e,https://openaccess-cdn.clevelandart.org/1921.915.e/1921.915.e_web.jpg,images/cleveland\680375.jpg,Gift of Mr. and Mrs. Henry F. Lyman,1921.915.e,2026-04-30
130069,Ink Cake,1644–1911,Miscellaneous,ink cake,,Overall: 8.6 cm (3 3/8 in.),The Cleveland Museum of Art,"Cleveland, Ohio, United States",https://clevelandart.org/art/1952.469,https://openaccess-cdn.clevelandart.org/1952.469/1952.469_web.jpg,images/cleveland\130069.jpg,Gift of Bruce Rogers,1952.469,2026-04-30
148077,Miniature Album with Figures and Landscape (Landscape with Two Boatmen),1822,Painting,"album leaf, ink and color on paper",,Overall: 6.1 x 7.7 cm (2 3/8 x 3 1/16 in.),The Cleveland Museum of Art,"Cleveland, Ohio, United States",https://clevelandart.org/art/1975.11.a,https://openaccess-cdn.clevelandart.org/1975.11.a/1975.11.a_web.jpg,images/cleveland\148077.jpg,Cornelia Blakemore Warner Fund,1975.11.a,2026-04-30
123649,Flattened Ovoid Snuff Bottle with Stopper,1573–1620,Ceramic,porcelain,,Overall: 7 cm (2 3/4 in.),The Cleveland Museum of Art,"Cleveland, Ohio, United States",https://clevelandart.org/art/1944.210.a,https://openaccess-cdn.clevelandart.org/1944.210.a/1944.210.a_web.jpg,images/cleveland\123649.jpg,The Elisabeth Severance Prentiss Collection,1944.210.a,2026-04-30
135192,Teapot (lid),c. 1775–1800,Ceramic,porcelain,,Overall: 12.7 x 13.7 cm (5 x 5 3/8 in.),The Cleveland Museum of Art,"Cleveland, Ohio, United States",https://clevelandart.org/art/1958.212.b,https://openaccess-cdn.clevelandart.org/1958.212.b/1958.212.b_web.jpg,images/cleveland\135192.jpg,Gift of Mr. and Mrs. Robert Hays Gries,1958.212.b,2026-04-30
171256,"Cup from Oliver Wolcott, Jr. Tea Service (3 of 6)",1785–1805,Ceramic,"porcelain, sepia enamel, gold leaf",,Overall: 7 x 9 x 6 cm (2 3/4 x 3 9/16 x 2 3/8 in.),The Cleveland Museum of Art,"Cleveland, Ohio, United States",https://clevelandart.org/art/2013.98.3.a,https://openaccess-cdn.clevelandart.org/2013.98.3.a/2013.98.3.a_web.jpg,images/cleveland\171256.jpg,Gift of Harvey Buchanan in memory of Penelope Draper Buchanan and Dorothy Tuckerman Draper,2013.98.3.a,2026-04-30
125695,Opium Pipe,1800s,Miscellaneous,wood,,,The Cleveland Museum of Art,"Cleveland, Ohio, United States",https://clevelandart.org/art/1947.595,https://openaccess-cdn.clevelandart.org/1947.595/1947.595_web.jpg,images/cleveland\125695.jpg,Bequest of Cornelia Blakemore Warner,1947.595,2026-04-30
130092,Tablet,1778,Jade,jade,,Overall: 18.5 cm (7 5/16 in.),The Cleveland Museum of Art,"Cleveland, Ohio, United States",https://clevelandart.org/art/1952.482.3.b,https://openaccess-cdn.clevelandart.org/1952.482.3.b/1952.482.3.b_web.jpg,images/cleveland\130092.jpg,Anonymous Gift,1952.482.3.b,2026-04-30
132573,Plate,1785–1800,Ceramic,porcelain,,Diameter: 19.9 cm (7 13/16 in.),The Cleveland Museum of Art,"Cleveland, Ohio, United States",https://clevelandart.org/art/1955.105,https://openaccess-cdn.clevelandart.org/1955.105/1955.105_web.jpg,images/cleveland\132573.jpg,The Helena Woolworth McCann Collection,1955.105,2026-04-30
125603,Snuff Bottle with Stopper (stopper),1736–95,Stone,crystal,,with cover: 8.4 cm (3 5/16 in.),The Cleveland Museum of Art,"Cleveland, Ohio, United States",https://clevelandart.org/art/1947.526.b,https://openaccess-cdn.clevelandart.org/1947.526.b/1947.526.b_web.jpg,images/cleveland\125603.jpg,Bequest of Cornelia Blakemore Warner,1947.526.b,2026-04-30
159206,Mirror with Dragon Design,1700–1911,Metalwork,bronze,,Diameter: 9.9 cm (3 7/8 in.); Overall: 1.8 cm (11/16 in.); Rim: 1.1 cm (7/16 in.),The Cleveland Museum of Art,"Cleveland, Ohio, United States",https://clevelandart.org/art/1995.390,https://openaccess-cdn.clevelandart.org/1995.390/1995.390_web.jpg,images/cleveland\159206.jpg,Gift of Drs. Thomas and Martha Carter in Honor of Sherman E. Lee,1995.390,2026-04-30
130493,Bird in Flight,1300–1100 BCE,Jade,jade,,Overall: 2.1 cm (13/16 in.),The Cleveland Museum of Art,"Cleveland, Ohio, United States",https://clevelandart.org/art/1953.243,https://openaccess-cdn.clevelandart.org/1953.243/1953.243_web.jpg,images/cleveland\130493.jpg,Anonymous Gift,1953.243,2026-04-30
150865,Stool,1644–1911,Furniture and woodwork,Ironwood (tielimu),,50.8 x 48.3 x 48.3 cm (20 x 19 x 19 in.),The Cleveland Museum of Art,"Cleveland, Ohio, United States",https://clevelandart.org/art/1982.262.2,https://openaccess-cdn.clevelandart.org/1982.262.2/1982.262.2_web.jpg,images/cleveland\150865.jpg,Gift of Miss Mildred F. Walker,1982.262.2,2026-04-30
150500,"Dwelling in the Longmian (""Sleeping Dragon"") Mountains",1100s-1200s,Painting,handscroll mounted as an album leaf; ink and color on silk,,Image: 26.5 x 39.8 cm (10 7/16 x 15 11/16 in.); Mounted: 38.3 x 53.8 cm (15 1/16 x 21 3/16 in.),The Cleveland Museum of Art,"Cleveland, Ohio, United States",https://clevelandart.org/art/1981.57.3,https://openaccess-cdn.clevelandart.org/1981.57.3/1981.57.3_web.jpg,images/cleveland\150500.jpg,Andrew R. and Martha Holden Jennings Fund,1981.57.3,2026-04-30
154717,Vase with Decoration of Horsemen,1622–1722,Ceramic,porcelain with famille verte overglaze enamel decoration,,,The Cleveland Museum of Art,"Cleveland, Ohio, United States",https://clevelandart.org/art/1989.303,https://openaccess-cdn.clevelandart.org/1989.303/1989.303_web.jpg,images/cleveland\154717.jpg,Bequest of Mrs. Severance A. Millikin,1989.303,2026-04-30
95012,Buddha Triad,568,Sculpture,stone,,Overall: 21.3 x 11.7 cm (8 3/8 x 4 5/8 in.),The Cleveland Museum of Art,"Cleveland, Ohio, United States",https://clevelandart.org/art/1915.562,https://openaccess-cdn.clevelandart.org/1915.562/1915.562_web.jpg,images/cleveland\95012.jpg,Gift of the John Huntington Art and Polytechnic Trust,1915.562,2026-04-30
95619,Mandarin Robe,late 1700s-early 1800s,Garment,"Silk; gauze weave, embroidery",,Overall: 133.4 x 208.3 cm (52 1/2 x 82 in.),The Cleveland Museum of Art,"Cleveland, Ohio, United States",https://clevelandart.org/art/1916.1335,https://openaccess-cdn.clevelandart.org/1916.1335/1916.1335_web.jpg,images/cleveland\95619.jpg,Gift of Mr. and Mrs. J. H. Wade,1916.1335,2026-04-30
95702,Cocoon Flask,206 BCE–9 CE,Ceramic,earthenware,,Diameter of mouth: 9.3 cm (3 11/16 in.); Overall: 26.4 x 34.8 cm (10 3/8 x 13 11/16 in.),The Cleveland Museum of Art,"Cleveland, Ohio, United States",https://clevelandart.org/art/1916.1398,https://openaccess-cdn.clevelandart.org/1916.1398/1916.1398_web.jpg,images/cleveland\95702.jpg,Worcester R. Warner Collection,1916.1398,2026-04-30
96720,Box,1900–1916,Enamel,enamel,,Overall: 5.2 x 7 cm (2 1/16 x 2 3/4 in.),The Cleveland Museum of Art,"Cleveland, Ohio, United States",https://clevelandart.org/art/1916.442,https://openaccess-cdn.clevelandart.org/1916.442/1916.442_web.jpg,images/cleveland\96720.jpg,Gift of Mr. and Mrs. J. H. Wade,1916.442,2026-04-30
96797,Nose Ring,20th Century,Jewelry,silver,,Overall: 9.9 cm (3 7/8 in.),The Cleveland Museum of Art,"Cleveland, Ohio, United States",https://clevelandart.org/art/1916.511,https://openaccess-cdn.clevelandart.org/1916.511/1916.511_web.jpg,images/cleveland\96797.jpg,Gift of Mr. and Mrs. J. H. Wade,1916.511,2026-04-30
96798,Nose Ring,20th Century,Jewelry,silver,,Overall: 9.9 cm (3 7/8 in.),The Cleveland Museum of Art,"Cleveland, Ohio, United States",https://clevelandart.org/art/1916.512,https://openaccess-cdn.clevelandart.org/1916.512/1916.512_web.jpg,images/cleveland\96798.jpg,Gift of Mr. and Mrs. J. H. Wade,1916.512,2026-04-30
98577,Shawl,early 1900s,Embroidery,"embroidery, silk",,Overall: 569 x 116.1 cm (224 x 45 11/16 in.),The Cleveland Museum of Art,"Cleveland, Ohio, United States",https://clevelandart.org/art/1918.29,https://openaccess-cdn.clevelandart.org/1918.29/1918.29_web.jpg,images/cleveland\98577.jpg,Gift of J. H. Wade,1918.29,2026-04-30
101144,Book Cover,1680–1720,Textile,silk,,Overall: 22.3 x 12.7 cm (8 3/4 x 5 in.),The Cleveland Museum of Art,"Cleveland, Ohio, United States",https://clevelandart.org/art/1920.1474,https://openaccess-cdn.clevelandart.org/1920.1474/1920.1474_web.jpg,images/cleveland\101144.jpg,General Income Fund,1920.1474,2026-04-30
101175,Fragment,1800s,Textile,silk,,Overall: 47 x 8.9 cm (18 1/2 x 3 1/2 in.),The Cleveland Museum of Art,"Cleveland, Ohio, United States",https://clevelandart.org/art/1920.1530,https://openaccess-cdn.clevelandart.org/1920.1530/1920.1530_web.jpg,images/cleveland\101175.jpg,General Income Fund,1920.1530,2026-04-30
101226,Fragment,1800s,Textile,silk,,Overall: 17.8 x 18.5 cm (7 x 7 5/16 in.),The Cleveland Museum of Art,"Cleveland, Ohio, United States",https://clevelandart.org/art/1920.1602,https://openaccess-cdn.clevelandart.org/1920.1602/1920.1602_web.jpg,images/cleveland\101226.jpg,General Income Fund,1920.1602,2026-04-30
101235,Fragment,1800s,Textile,silk,,Overall: 18.5 x 18.5 cm (7 5/16 x 7 5/16 in.),The Cleveland Museum of Art,"Cleveland, Ohio, United States",https://clevelandart.org/art/1920.1610,https://openaccess-cdn.clevelandart.org/1920.1610/1920.1610_web.jpg,images/cleveland\101235.jpg,General Income Fund,1920.1610,2026-04-30
101254,Fragment,1800s,Textile,silk,,Overall: 69.9 x 19.1 cm (27 1/2 x 7 1/2 in.),The Cleveland Museum of Art,"Cleveland, Ohio, United States",https://clevelandart.org/art/1920.1635,https://openaccess-cdn.clevelandart.org/1920.1635/1920.1635_web.jpg,images/cleveland\101254.jpg,General Income Fund,1920.1635,2026-04-30
114588,Cushion Cover,1700s,Textile,"silk, metallic thread",,Overall: 44.1 x 53 cm (17 3/8 x 20 7/8 in.),The Cleveland Museum of Art,"Cleveland, Ohio, United States",https://clevelandart.org/art/1934.202.4.b,https://openaccess-cdn.clevelandart.org/1934.202.4.b/1934.202.4.b_web.jpg,images/cleveland\114588.jpg,Gift of Mrs. Chester C. Bolton,1934.202.4.b,2026-04-30
117443,Cup,c. 600–221 BCE,Lacquer,lacquer,,Overall: 10.6 cm (4 3/16 in.),The Cleveland Museum of Art,"Cleveland, Ohio, United States",https://clevelandart.org/art/1938.11,https://openaccess-cdn.clevelandart.org/1938.11/1938.11_web.jpg,images/cleveland\117443.jpg,Purchase from the J. H. Wade Fund,1938.11,2026-04-30
120458,Branching Stump,1368–1644,Print,color woodblock print,,Overall: 28.6 x 24.8 cm (11 1/4 x 9 3/4 in.),The Cleveland Museum of Art,"Cleveland, Ohio, United States",https://clevelandart.org/art/1941.281,https://openaccess-cdn.clevelandart.org/1941.281/1941.281_web.jpg,images/cleveland\120458.jpg,Edward L. Whittemore Fund,1941.281,2026-04-30
113108,Bamboo,1625,Print,color woodblock print,,Overall: 28.3 x 30.8 cm (11 1/8 x 12 1/8 in.),The Cleveland Museum of Art,"Cleveland, Ohio, United States",https://clevelandart.org/art/1932.129,https://openaccess-cdn.clevelandart.org/1932.129/1932.129_web.jpg,images/cleveland\113108.jpg,Edward L. Whittemore Fund,1932.129,2026-04-30
113111,Untitled,1625,Print,color woodblock print,,Overall: 28.3 x 30.8 cm (11 1/8 x 12 1/8 in.),The Cleveland Museum of Art,"Cleveland, Ohio, United States",https://clevelandart.org/art/1932.131,https://openaccess-cdn.clevelandart.org/1932.131/1932.131_web.jpg,images/cleveland\113111.jpg,Edward L. Whittemore Fund,1932.131,2026-04-30
121943,Ink Cake,19th Century,Miscellaneous,ink cake,,Overall: 4.4 x 3.6 cm (1 3/4 x 1 7/16 in.),The Cleveland Museum of Art,"Cleveland, Ohio, United States",https://clevelandart.org/art/1942.244,https://openaccess-cdn.clevelandart.org/1942.244/1942.244_web.jpg,images/cleveland\121943.jpg,Gift of Henry W. Kent,1942.244,2026-04-30
153633,"Lotus Sutra of the True Law of the Great Vehicle, Chapter Six",1545,Bound Volume,"woodblock printed book on paper, illustrated frontispiece and endpiece depicting Buddhist deities",,Closed: 35 x 12.2 cm (13 3/4 x 4 13/16 in.); Frontispiece: 26 x 48.5 cm (10 1/4 x 19 1/8 in.),The Cleveland Museum of Art,"Cleveland, Ohio, United States",https://clevelandart.org/art/1987.159,,,"Gift of Donald J. Wineman in memory of his wife, Susan",1987.159,2026-04-30
120207,Granary Urn,206 BCE–220 CE,Ceramic,glazed earthenware,,Diameter: 26.1 cm (10 1/4 in.),The Cleveland Museum of Art,"Cleveland, Ohio, United States",https://clevelandart.org/art/1940.971.a,,,Bequest of James Parmelee,1940.971.a,2026-04-30
120208,Granary Urn (lid),206 BCE–220 CE,Ceramic,glazed earthenware,,Diameter: 26.1 cm (10 1/4 in.),The Cleveland Museum of Art,"Cleveland, Ohio, United States",https://clevelandart.org/art/1940.971.b,,,Bequest of James Parmelee,1940.971.b,2026-04-30
156878,Volume of Tibetan Buddhist Canon (Kanjur): Chapter 8 of the Maha prajna paramita sutra,1700s,Print,vermillion block print on paper,,,The Cleveland Museum of Art,"Cleveland, Ohio, United States",https://clevelandart.org/art/1992.88,,,Gift of Mr. and Mrs. Frank R. Kaufman,1992.88,2026-04-30
680371,Painting One from Illustrated Book of Flowers and Butterflies,1800s,Painting,painting on pith paper,,Each page: 25.2 x 36.4 cm (9 15/16 x 14 5/16 in.); Each painting: 20.1 x 32 cm (7 15/16 x 12 5/8 in.),The Cleveland Museum of Art,"Cleveland, Ohio, United States",https://clevelandart.org/art/1921.915.a,,,Gift of Mr. and Mrs. Henry F. Lyman,1921.915.a,2026-04-30
114579,Shawl,mid 1800s,Embroidery,"embroidery, silk",,Overall: 213 x 203 cm (83 7/8 x 79 15/16 in.),The Cleveland Museum of Art,"Cleveland, Ohio, United States",https://clevelandart.org/art/1934.200,,,Gift of Mrs. Edna D. Grenamyre,1934.200,2026-04-30
146838,Bottle with Stopper (stopper),1736–95,Jade,jade,,Overall: 9.5 cm (3 3/4 in.),The Cleveland Museum of Art,"Cleveland, Ohio, United States",https://clevelandart.org/art/1972.253.b,,,Bequest of Elizabeth B. Blossom,1972.253.b,2026-04-30
125618,Snuff Bottle with Stopper,1800s-early 1900s,Stone,crystal with jade,,with cover: 7.7 cm (3 1/16 in.),The Cleveland Museum of Art,"Cleveland, Ohio, United States",https://clevelandart.org/art/1947.531.a,,,Bequest of Cornelia Blakemore Warner,1947.531.a,2026-04-30
103322,Shawl,1800s,Embroidery,"Silk, embroidery",,Overall: 152.4 x 152.4 cm (60 x 60 in.),The Cleveland Museum of Art,"Cleveland, Ohio, United States",https://clevelandart.org/art/1921.385,,,Gift of Mrs. Edward A. Conger,1921.385,2026-04-30
125619,Snuff Bottle with Stopper (stopper),1800s-early 1900s,Stone,crystal with jade,,with cover: 7.7 cm (3 1/16 in.),The Cleveland Museum of Art,"Cleveland, Ohio, United States",https://clevelandart.org/art/1947.531.b,,,Bequest of Cornelia Blakemore Warner,1947.531.b,2026-04-30
146837,Bottle with Stopper,1736–95,Jade,jade,,Overall: 9.5 cm (3 3/4 in.),The Cleveland Museum of Art,"Cleveland, Ohio, United States",https://clevelandart.org/art/1972.253.a,,,Bequest of Elizabeth B. Blossom,1972.253.a,2026-04-30
95633,Wall Hanging,early 1900s,Embroidery,"embroidery, silk",,Overall: 325.1 x 381 cm (128 x 150 in.),The Cleveland Museum of Art,"Cleveland, Ohio, United States",https://clevelandart.org/art/1916.1347,,,Gift of Mr. and Mrs. J. H. Wade,1916.1347,2026-04-30
106003,Silk Shawl,1800s,Embroidery,"embroidery, silk",,Overall: 182.9 x 182.9 cm (72 x 72 in.),The Cleveland Museum of Art,"Cleveland, Ohio, United States",https://clevelandart.org/art/1924.129,,,Bequest of Georgia Leighton Norton,1924.129,2026-04-30
94678,Panel,1644–1911,Painting,color on leather,,Overall: 89.9 x 76.8 cm (35 3/8 x 30 1/4 in.),The Cleveland Museum of Art,"Cleveland, Ohio, United States",https://clevelandart.org/art/1915.335,,,Gift of A. W. Bahr,1915.335,2026-04-30
